{"cameraMode":{"drawMode":0,"name":"Shaded","section":"Shading Mode"},"sceneLighting":false,"audioPlay":false,"sceneViewState":{"showFog":true,"showMaterialUpdate":false,"showSkybox":false,"showFlares":true,"showImageEffects":true,"showParticleSystems":true,"showVisualEffectGraphs":true,"m_FxEnabled":true},"in2DMode":false,"pivot":{"x":427.9524841308594,"y":339.6304016113281,"z":-219.42974853515626},"rotation":{"x":-0.0024126917123794557,"y":0.9913337826728821,"z":0.13010893762111665,"w":0.018453197553753854},"size":539.6466674804688,"orthographic":false}